Close,High,Low,Open,Volume,Profit/Loss,MV_9D,MV_21D,Signal
INFY.NS,INFY.NS,INFY.NS,INFY.NS,INFY.NS,,,,
1828.389892578125,1838.5394729768454,1820.134214444306,1820.134214444306,1838368,8.255678133818947,,,
1901.5740966796875,1906.236174279187,1831.10952423594,1832.760612498252,7083645,68.81348418143557,,,
1883.0230712890625,1896.8148627360356,1866.754528958132,1896.8148627360356,6218003,-13.791791446973093,,,
1882.1490478515625,1916.288731426852,1872.5821967516326,1895.8923485784164,7164403,-13.743300726853931,,,
1875.3502197265625,1902.2540906114118,1868.357221729347,1889.0935202054077,4294832,-13.743300478845185,,,
1877.5841064453125,1882.8774057609294,1834.460303784991,1874.5246254427705,5482050,3.059481002542043,,,
1862.1898193359375,1895.74665458795,1855.6338390718154,1878.4583629543145,6833503,-16.268543618376953,,,
1910.4124755859375,1920.9507009797642,1876.709930393327,1881.3233976824297,8036913,29.089077903507814,,,
1905.799072265625,1925.8070469770787,1892.9785364775742,1899.7773306055078,5804152,6.021741660117186,1880.7190890842014,,
1884.285888671875,1915.1232771204202,1875.5930733895989,1912.2579998126723,5792162,-27.972111140797324,1886.9297553168403,,
1893.60986328125,1901.7684398888914,1881.420549328485,1891.036010381721,2985439,2.5738528995289016,1886.0448404947917,,
1873.0191650390625,1910.41253260361,1861.7526156669912,1909.4412763032324,7533579,-36.42211126416987,1884.9332953559028,,
1763.2672119140625,1804.5942151264314,1759.9164250856263,1797.7954209897873,16409953,-34.52820907572482,1871.7242024739583,,
1761.1790771484375,1775.407886940151,1741.6082392029957,1770.5516054927243,4333011,-9.37252834428682,1859.0385199652778,,
1748.941162109375,1779.0016155615642,1741.5111463055791,1766.7638099629812,7169109,-17.822647853606213,1844.7448594835068,,
1803.0887451171875,1812.1700865447272,1753.2633671133483,1755.448693830049,8373913,47.640051287138476,1838.1780734592014,,
1811.8299560546875,1825.5247642701754,1799.446438649042,1804.5941442893445,5907471,7.235811765342987,1827.2244601779514,,
1821.5426025390625,1840.4336089404926,1810.6645792715367,1811.8786496612856,4887027,9.663952877776865,1817.8626302083333,,
1769.62890625,1809.4504129219265,1759.9163436470913,1795.6100112127813,7652371,-25.981104962781274,1805.1229654947917,,
1777.15625,1809.9361507719634,1772.4456805643415,1777.3990640797924,6999495,-0.2428140797924243,1792.1836751302083,,
1827.1759033203125,1834.36322360914,1787.5972093347696,1791.9678626583263,5145155,35.20804066198616,1787.0899793836807,1841.0093587239583,Sell
1806.4881591796875,1832.9548941080284,1790.9966681783667,1819.3088138415467,7336056,-12.82065466185918,1791.892306857639,1839.9664190383185,Sell
1825.7677001953125,1842.910279604707,1817.2205970496623,1817.2205970496623,5820470,8.547103145650226,1799.068820529514,1836.3565906343006,Sell
1798.1353759765625,1836.2571867836969,1792.9391783431893,1826.2533177597818,1701402,-28.117941783219294,1804.5348442925347,1832.3143194289435,Sell
1809.741943359375,1822.6110895629577,1779.7300994439906,1783.2265984737837,4823228,26.515344885591276,1805.2740885416667,1828.8663620721727,Sell
1844.2215576171875,1856.2650411997822,1821.1056096540206,1834.703198206104,7334787,9.518359411083566,1808.8731553819443,1827.384044828869,Sell
1842.5218505859375,1864.5207114002724,1839.8508957040453,1851.2145472314708,4996744,-8.69269664553326,1811.2041829427083,1825.7144135974702,Sell
1860.587158203125,1868.6971246106148,1845.3869733680706,1861.898330498206,4765255,-1.3111722950809508,1821.3106553819443,1825.6380964006696,Sell
1848.93212890625,1868.405747107761,1835.14021793859,1864.13231412214,4126260,-15.200185215890087,1829.2857530381943,1822.710460844494,Buy
1826.2532958984375,1850.2432794461592,1824.6020890265615,1850.2432794461592,3828734,-23.98998354772175,1829.1832411024307,1818.9225667317708,Buy
1821.7369384765625,1848.3007750893653,1816.249316561804,1828.9727506286142,4411601,-7.235812152051722,1830.8775499131943,1815.9440452938989,Buy
1809.59619140625,1840.142154487476,1793.9103785152583,1830.8181177592105,5633947,-21.22192635296051,1829.0807156032986,1811.943394252232,Buy
1790.2681884765625,1819.6486917731397,1782.8866642532057,1814.7924102365155,5237744,-24.52422175995298,1828.2065836588542,1808.0028715587798,Buy
1803.0401611328125,1805.8568280246752,1775.796375368045,1800.709122375355,5292961,2.3310387574574634,1827.461941189236,1809.8968215215773,Buy
1789.3455810546875,1799.495162260814,1769.7747423270973,1785.7033698235564,4428956,3.642211231131114,1821.3646104600693,1811.2380836123511,Buy
1798.7181396484375,1808.1393973263787,1784.780634818134,1789.3456107739096,4365260,9.372528874527916,1816.497531467014,1813.6084158761162,Buy
1758.7509765625,1796.0471240806544,1753.9917969230971,1794.2989338566194,4611411,-35.54795729411944,1805.182400173611,1811.497093563988,Sell
1772.6884765625,1778.3703022593725,1753.6518766132701,1753.6518766132701,2218020,19.036599949229867,1796.7108832465278,1809.6332135881696,Sell
1762.8302001953125,1777.2533326664163,1754.2830972545896,1769.4347905187403,3379879,-6.6045903234278285,1789.6638726128472,1806.8373849051338,Sell
1713.3931884765625,1756.0313630959042,1699.9413126430345,1748.309923055587,7594720,-34.91673457902448,1777.6256781684028,1804.1594935825892,Sell
1716.8896484375,1727.3306532632726,1694.987890846883,1694.987890846883,5092963,21.90175759061708,1767.324951171875,1801.2896554129463,Sell
1713.5875244140625,1724.8054634563641,1700.7668702151418,1704.748997302386,5757079,8.838527111676513,1758.8048773871528,1795.8806849888392,Sell
1639.189208984375,1704.6519072727174,1634.0901134127998,1704.6034155946859,12182167,-65.41420661031088,1740.5992160373264,1787.9140683128721,Sell
1659.4884033203125,1678.9135283002097,1643.6569975986285,1643.6569975986285,7504969,15.83140572168395,1726.1706407335068,1779.9960065569196,Sell
1639.7720947265625,1650.1644899401717,1621.9980566215932,1646.2794646548505,6759673,-6.507369928287972,1708.5099690755208,1772.4548979259673,Sell
1662.30517578125,1683.1385762213686,1643.8026956375877,1643.8026956375877,8180782,18.502480143662297,1697.7937689887153,1765.4340994698662,Sell
1666.5301513671875,1672.794825837321,1642.4915571816716,1665.7046071983816,10610547,0.8255441688058909,1685.9983995225693,1756.9726039341517,Sell
1637.5382080078125,1655.9920786793123,1627.340016320931,1654.146667899849,8019331,-16.608459892036535,1672.0770670572917,1747.2114780970983,Sell
1652.5440673828125,1669.5896637303404,1628.01984457351,1637.5382042171923,7558981,15.005863165620212,1665.3160536024307,1737.304664248512,Sell
1613.8394775390625,1631.7106175387037,1589.995206020896,1631.7106175387037,12671234,-17.871139999641173,1653.8660346137153,1726.1097760881696,Sell
1545.123046875,1589.84944650162,1518.850635339536,1589.84944650162,14870008,-44.72639962661992,1635.1477593315972,1712.722621372768,Sell
1534.439208984375,1559.886194636392,1525.163782654934,1553.2816045131979,7822888,-18.842395528822863,1623.5088704427083,1699.0417771112352,Sell
1544.34619140625,1548.1826065260266,1500.736758011993,1500.736758011993,7526032,43.60943339425694,1610.7152913411458,1686.4108247302827,Sell
1544.34619140625,1544.34619140625,1544.34619140625,1544.34619140625,0,0.0,1600.1124131944443,1674.7002534412202,Sell
1540.94677734375,1556.9238965430377,1527.5920028100838,1556.9238965430377,7387068,-15.9771191992877,1586.628146701389,1662.2196161179315,Sell
1569.1131591796875,1584.9931759348294,1546.2400259441436,1546.2400259441436,7186750,22.873133235543946,1575.8040364583333,1651.7323579334077,Sell
1546.7742919921875,1557.7980274559397,1518.7049607743006,1532.59385494289,10074677,14.180437049297552,1565.7191569010417,1639.7350318545386,Sell
1546.968505859375,1560.9060103586978,1527.4947691913153,1552.0189913058653,8857726,-5.050485446490256,1553.9885389539932,1629.6501522972471,Sell
1581.6422119140625,1589.1209562659596,1558.8663000022038,1558.8663000022038,9890140,22.775911911858657,1550.4110649956597,1620.552711123512,Sell
1553.475830078125,1590.6749935166006,1549.1537869998338,1579.2627320763197,6651302,-25.786901998194708,1551.3391520182292,1610.5834554036458,Sell
1557.4581298828125,1573.3866387891755,1540.4125339270274,1549.688079270318,9426573,7.770050612494515,1553.8968098958333,1603.1579764229912,Sell
1525.5037841796875,1552.504639118573,1515.1598805138667,1544.2975705237486,6799047,-18.793786344061118,1551.8032090928818,1594.0443638392858,Sell
1482.6226806640625,1502.92196020728,1474.2212903040318,1495.0061979771754,12680733,-12.383517313112861,1544.945041232639,1583.0460379464287,Sell
1505.593017578125,1510.9349273715397,1491.0726643663595,1491.0726643663595,6193478,14.520353211765496,1541.016845703125,1576.684314546131,Sell
1453.485107421875,1490.5385603678294,1442.3642697947264,1490.5385603678294,10459504,-37.053452945954405,1528.1692843967014,1566.8746337890625,Sell
1409.92431640625,1429.6893595876932,1406.3792069857197,1418.5199114659142,9590254,-8.59559505966422,1512.9637315538193,1555.9295014880952,Sell
1356.602294921875,1365.489314158466,1269.4320382766355,1313.1385736419368,21715252,43.46372127993823,1491.8119303385417,1541.3722214471727,Sell
1387.7310791015625,1414.6348317731379,1374.3276944448953,1389.8677955834949,12805001,-2.1367164819323534,1470.2662489149307,1528.0960751488096,Sell
1363.3524169921875,1368.9371407012397,1342.1791008495861,1364.663707842691,8546854,-1.3112908505036103,1449.1414252387153,1515.0396089099702,Sell
1368.9371337890625,1397.4436008179698,1356.893650613513,1370.6854425398662,12567440,-1.7483087508037443,1428.1946478949653,1501.5345168340773,Sell
1385.011474609375,1406.087688754894,1368.5001176189407,1404.0480742507405,10178530,-19.036599641365456,1412.5843912760417,1490.6379452659971,Sell
1372.482177734375,1386.4682913913693,1356.6507720589223,1384.0401507759727,12022740,-11.557973041597734,1400.3465576171875,1482.4169514973958,Sell
1378.6983642578125,1388.7023519091767,1338.6826507754836,1357.8163531049115,14264227,20.882011152900986,1386.2471516927083,1475.000720796131,Sell
1409.29296875,1429.4951483248678,1369.4714582615436,1369.4714582615436,15648970,39.8215104884564,1381.3369140625,1468.569614955357,Sell
1381.903564453125,1398.6091260339042,1378.5041672717928,1398.6091260339042,9399738,-16.705561580779204,1378.2234971788193,1460.834251767113,Sell
1432.5059814453125,1445.0352117850275,1398.2205856526791,1404.4366498623076,11136642,28.069331583004896,1386.6572401258682,1455.6704043433779,Sell
1429.1065673828125,1440.2760150192205,1419.4911061400271,1427.6496829084983,7114292,1.4568844743141653,1391.2545166015625,1449.0034237816221,Sell
1437.653564453125,1458.535575435,1421.4336312546193,1433.0887071514799,8329979,4.564857301645134,1399.5101996527778,1443.8071986607142,Sell
1439.4989013671875,1446.7833234291916,1423.1818670852326,1437.6534907325017,5886253,1.845410634685777,1407.3503960503472,1438.6895984468006,Sell
1454.456298828125,1466.4027986571466,1431.7288778586658,1439.4018262859975,8056743,15.054472542127542,1415.0664876302083,1432.6331263950892,Sell
1456.9815673828125,1465.431568419441,1439.984581952398,1453.7764926957282,7704183,3.205074687084334,1424.4553087022568,1428.0381615048364,Sell
1463.586181640625,1479.4175886205041,1453.1936678135066,1456.5930649551544,7402310,6.993116685470568,1433.8872884114583,1423.5680687313989,Buy
1465.2371826171875,1479.2232965927526,1459.6039673980883,1471.4532464465005,4282493,-6.216063829313043,1440.1033121744792,1420.698230561756,Buy
1468.053955078125,1472.0360823521305,1456.0103527730441,1462.7120452184295,4270530,5.341909859695534,1449.6755777994792,1420.0044817243304,Buy
1464.9459228515625,1475.1441139885928,1453.5821530190785,1456.8844481471906,5691799,8.061474704371903,1453.2800157335068,1418.0689057849702,Buy
1467.956787109375,1472.910170498641,1458.0499017692832,1464.654491996011,8424409,3.3022951133639253,1457.596706814236,1418.758033389137,Buy
1464.2659912109375,1467.9568126185206,1451.1540310083215,1457.5642989506216,4478653,6.701692260315895,1460.5536431206597,1421.3457321893602,Buy
1580.136962890625,1585.0903465111594,1487.96471253376,1492.8209942326298,11372857,87.3159686579952,1476.1800944010417,1431.9902401878721,Buy
1523.5125732421875,1565.859323230766,1519.627548132014,1562.7513505672503,12846210,-39.238777325062756,1483.8530137803818,1438.4560256231398,Buy
1546.6285400390625,1549.1537826809642,1524.3867472838704,1528.75740058924,4870057,17.871139449822522,1493.8137885199653,1447.1834600539435,Buy
1566.636474609375,1572.075486394776,1525.843708376521,1544.1033749720434,11151167,22.53309963733159,1505.2638210720486,1456.5977143787202,Buy
1544.200439453125,1566.2479103864578,1536.0418626920532,1566.2479103864578,4576751,-22.04747093333276,1514.0375162760417,1464.1781412760417,Buy
1514.9656982421875,1539.4413107743521,1510.9834523682187,1531.1856318206726,8855798,-16.219933578485097,1519.2499321831597,1470.9630708240327,Buy
1515.7425537109375,1537.9843466293191,1513.2173110505078,1524.8723866170074,7143998,-9.12983290606985,1524.8940022786458,1477.4889846075148,Buy
1523.41552734375,1525.8436681268927,1507.4869000940212,1522.832797268108,4157309,0.5827300756420755,1531.0560845269097,1482.9233921595983,Buy
1503.0191650390625,1515.9369216042496,1495.7347425913772,1510.7892156499267,6158990,-7.770050610864246,1535.3619927300347,1488.6908017113096,Buy
1519.8218994140625,1541.5779455953386,1505.447258808557,1505.447258808557,5038421,14.37464060550542,1528.6603190104167,1492.8487025669642,Buy
1535.070556640625,1538.275749801986,1517.782147363295,1521.5700705826603,3170102,13.500486057964736,1529.9445393880208,1497.8946068173364,Buy
1524.969482421875,1537.4016104009331,1511.6633186280806,1534.4878415209876,7775714,-9.518359099112558,1527.5379774305557,1502.0525076729912,Buy
1526.6207275390625,1542.063608140773,1524.8724187426308,1535.556238237006,3623370,-8.935510697943528,1523.0917833116318,1506.2011660621279,Buy
1540.02392578125,1562.6542444112208,1531.2826193070812,1543.3262208282474,8609500,-3.302295046997415,1522.6277262369792,1510.2758149646577,Buy
1539.1375732421875,1548.297396005105,1531.652190030095,1547.3124739974683,13148092,-8.17490075528076,1525.3134901258682,1514.1880057198662,Buy
1530.371826171875,1536.4782943781508,1515.7949327230604,1536.4782943781508,4374509,-6.106468206275849,1526.93896484375,1517.3682745070685,Buy
1519.734619140625,1543.6682714095227,1512.4461724234918,1535.4933708621093,6853403,-15.75875172148426,1526.5299750434028,1519.963390531994,Buy
1527.8109130859375,1533.8190332918903,1518.158749909477,1519.7346010168856,4548307,8.076312069051937,1529.2846137152778,1522.8089599609375,Buy
1530.8642578125,1544.0621159555858,1518.3556767230737,1524.5607331925255,6948539,6.303524619974496,1530.5115424262153,1525.9479282924108,Buy
1540.2210693359375,1545.2441474823067,1519.8331118292815,1531.2581829658582,3960020,8.962886370079332,1531.0838216145833,1529.3890845889136,Buy
1549.183837890625,1564.0561360451065,1547.3124620446238,1554.2069160448225,2903202,-5.023078154197492,1533.7743055555557,1533.4327915736608,Buy
1571.935546875,1583.2621501262925,1553.7144894707471,1560.116482612782,8591925,11.819064262218035,1538.8092854817708,1533.042247953869,Buy
1606.5062255859375,1609.9534525332194,1566.1244242034918,1566.1244242034918,10597410,40.3818013824457,1546.1962076822917,1536.9943266369048,Buy
1584.345458984375,1603.452969273507,1574.0037782857437,1592.6188275892266,10483574,-8.273368604851612,1551.2193060980903,1538.7903703962054,Buy
1577.844970703125,1584.7394243828517,1546.5244044661895,1552.2369998927122,6968315,25.60797081041278,1556.4940999348958,1539.3241083054315,Buy
1599.31640625,1610.1505483486199,1573.01891647278,1575.875214344727,5591842,23.441191905272944,1565.3365207248264,1541.9486781529017,Buy
1615.173583984375,1622.5604988569514,1591.2399317053334,1596.2630097727385,7622083,18.910574211636458,1575.043484157986,1546.720482235863,Buy
1608.2791748046875,1619.9011823893957,1596.5585788351507,1596.5585788351507,5629707,11.720595969536816,1583.6451416015625,1551.126988002232,Buy
1593.997802734375,1605.4228739879738,1587.2018168292147,1599.4148737815738,5147760,-5.41707104719876,1589.620334201389,1554.488048735119,Buy
1598.429931640625,1606.1122510729595,1584.6410236941556,1594.58871180959,9202821,3.841219831035005,1595.0921223958333,1559.0314185732886,Buy
1560.116455078125,1576.8601291540897,1551.6461498856431,1576.8601291540897,7943676,-16.74367407596469,1593.7788899739583,1560.950206938244,Buy
1557.7525634765625,1584.739449496533,1552.827953627288,1576.860073737694,8083992,-19.107510261131438,1588.36181640625,1562.0303025018602,Buy
1590.550537109375,1595.4751470327865,1561.199813873949,1566.025955644839,7813533,24.524581464535913,1589.05126953125,1565.1532098679315,Buy
1591.6339111328125,1599.5132869304996,1582.3756205245834,1584.5425210067874,6519233,7.09139012602509,1590.5833740234375,1568.2490757533483,Buy
1583.7545166015625,1605.0288069577266,1578.238977654369,1594.5886581952298,8912268,-10.834141593667255,1588.854275173611,1570.3314848400298,Buy
1577.6480712890625,1590.648993297183,1570.064099926214,1590.648993297183,6294505,-13.000922008120597,1584.6847737630208,1572.165318080357,Buy
1582.57275390625,1593.308307768125,1576.3676970723639,1584.7395342639384,4178937,-2.166780357688367,1581.8285047743057,1574.6510765438989,Buy
1586.2169189453125,1624.1364168524187,1579.2239966239758,1593.6038341220215,8653641,-7.386915176708953,1580.9639621310764,1577.8169003441221,Buy
1594.293212890625,1607.786716594206,1590.6490495377586,1594.0962765801005,5259695,0.19693631052450655,1580.5043267144097,1580.9827241443452,Sell
1615.96142578125,1618.6207872342948,1587.9897380569496,1600.4981989662078,4411273,15.463226815042162,1586.7093234592014,1585.0349702380952,Buy
1602.4681396484375,1619.2118141254034,1598.5284515362102,1615.2721260131761,3294523,-12.803986364738648,1591.6777208116318,1587.9991164434523,Buy
1613.9915771484375,1621.378491891406,1597.0509674297891,1603.4529602070286,4590681,10.538616941408918,1594.2822808159722,1591.0851992652529,Buy
1609.0670166015625,1613.3022292758048,1599.1193284889714,1613.1052929685202,4580828,-4.038276366957689,1596.2192925347222,1592.8533644903273,Buy
1591.43701171875,1614.1886858160015,1582.868118202301,1614.1886858160015,5330179,-22.751674097251453,1597.0729031032986,1592.1357828776042,Buy
1570.85205078125,1582.8680505457567,1539.433016356687,1555.2902357933656,11391755,15.561814987884418,1596.3177897135417,1591.4932396298364,Buy
1546.623046875,1567.7988696310574,1536.2813659941348,1567.7988696310574,9173426,-21.175822756057414,1592.3233778211807,1590.0064813523065,Buy
1561.6922607421875,1579.4208563061295,1540.4179701114037,1541.5013602388092,7614807,20.190900503378316,1589.598415798611,1588.214855375744,Buy
1583.6561279296875,1587.6942841349517,1554.6993967165145,1555.1918577227598,6223491,28.464270206927722,1588.4165174696182,1586.7140241350446,Buy
1559.6240234375,1585.7244570472844,1556.2752645133157,1573.9053927711557,7374814,-14.281369333655675,1582.1568060980903,1584.3971121651787,Sell
1562.1846923828125,1575.1857343566385,1556.176692489401,1568.0942241264431,5161833,-5.909531743630623,1577.6808675130208,1582.8822021484375,Sell
1560.4119873046875,1565.041072656143,1543.1758521432762,1556.1767745731315,3682661,4.2352127315559756,1571.7275797526042,1581.0718238467261,Sell
1547.2139892578125,1561.889351060241,1541.4029254290974,1541.4029254290974,8473741,5.811063828715078,1564.8550211588542,1580.4574207124256,Sell
1550.7596435546875,1567.897309898412,1526.629055261839,1552.5325511946266,8035026,-1.7729076399391488,1560.3353135850693,1580.1244245256696,Sell
1529.0914306640625,1558.1466301517212,1524.8562179010848,1556.1767861186595,14169664,-27.085355454596993,1555.6952446831597,1577.1978004092261,Sell
1492.84619140625,1526.1366022975346,1488.512630894258,1520.12860228797,10851259,-27.282410881719898,1549.7200385199653,1572.4936232793898,Sell
1493.1417236328125,1496.392014262957,1460.14683725966,1491.0734115180542,6439855,2.068312114758328,1542.1033121744792,1568.1787283761162,Sell
1490.8763427734375,1494.3235696797126,1473.5417400906863,1490.0884773327002,7070448,0.7878654407372778,1531.7944471571182,1564.0467413039435,Sell
1496.0965576171875,1498.7557989957106,1483.2925712781332,1496.9830114866083,5719051,-0.8864538694208477,1524.73583984375,1559.9288271949404,Sell
1486.247314453125,1504.0743788045277,1474.428250322285,1486.936711768862,6851407,-0.6893973157370965,1516.2983534071182,1555.1683698381696,Sell
1447.4412841796875,1476.1024890867666,1443.4031282013243,1471.3749358302919,8702978,-23.93365165060436,1503.7460530598958,1548.1754208519346,Sell
1458.177001953125,1460.4423706154291,1429.1218033326475,1439.4634841975633,8610216,18.713517755561725,1493.853054470486,1540.661876860119,Sell
1438.2816162109375,1456.4040844682859,1433.0614816224124,1456.4040844682859,10213323,-18.122468257348373,1481.355495876736,1532.843470982143,Sell
1415.037353515625,1434.14486387826,1408.7339490588547,1430.1067078263497,10566934,-15.069354310724748,1468.6828206380208,1523.3694603329614,Sell
1415.234375,1420.2574529025999,1392.876574581379,1408.4383894942564,9892020,6.795985505743602,1460.0592854817708,1514.1393345424108,Sell
1401.6424560546875,1411.590144080286,1395.7329241309972,1403.5138318764698,10048009,-1.8713758217822942,1449.8927001953125,1505.1014985584077,Sell
1406.66552734375,1411.7871937906966,1392.6796832838538,1398.4907470266712,6625368,8.174780317078785,1440.5359429253472,1497.2830926804315,Sell
1402.62744140625,1419.2726477892124,1399.5742071536924,1406.6655976905836,9899184,-4.038156284333581,1430.1504855685764,1490.4261590866815,Sell
1405.0897216796875,1412.3781686321047,1400.953097311154,1403.5138705026145,10318063,1.575851177072991,1421.1329752604167,1482.9688953218006,Sell
1425.8714599609375,1447.835267553816,1404.6956380205245,1404.6956380205245,12902347,21.175821940413016,1418.736328125,1475.4553397042412,Sell
1414.1510009765625,1442.6151494914589,1408.0444126749926,1442.6151494914589,7254561,-28.46414851489635,1413.8445502387153,1468.528052920387,Sell
1418.2877197265625,1427.5460108318366,1411.0977408332749,1411.0977408332749,3986094,7.189978893287616,1411.6230061848958,1461.675816127232,Sell
1473.6402587890625,1476.3980885005715,1418.9770874002822,1418.9770874002822,10413061,54.663171388780256,1418.1344401041667,1457.5438290550596,Sell
1473.8372802734375,1485.262351237006,1461.9197483180794,1485.262351237006,6565539,-11.425070963568487,1424.6458740234375,1454.0497000558037,Sell
1465.0714111328125,1481.6181481033814,1463.6924963469764,1475.5115598317454,5543397,-10.440148698932944,1431.6935356987847,1449.9693080357142,Sell
1508.9989013671875,1515.7948868943363,1483.981859694785,1483.981859694785,10694531,25.017041672402456,1443.0639105902778,1449.0125209263392,Sell
1506.53662109375,1515.2039825206518,1495.7024794249892,1500.03616013844,15994798,6.500460955310018,1454.609375,1449.6644461495537,Buy
1477.4814453125,1506.5366438633127,1475.413133190423,1506.5366438633127,5443364,-29.055198550812747,1462.6528998480903,1448.9187186104912,Buy
1447.4412841796875,1479.254311487481,1445.5699084151588,1479.254311487481,8169075,-31.81302730779339,1465.0495469835068,1446.8503824869792,Buy
1476.7921142578125,1480.7318023736236,1453.941851048263,1454.4343120627393,4546057,22.35780219507319,1472.0096706814236,1445.9311232793898,Buy
1476.1025390625,1489.9900353122632,1463.8896025641538,1476.7920565936874,5218763,-0.6895175311874482,1478.4335394965278,1445.4480387369792,Buy
1456.798095703125,1479.2543652339205,1450.7900955921732,1477.3829894013984,4623483,-20.58489369827339,1476.5621880425347,1445.8936011904761,Buy
1440.94091796875,1461.6242804276317,1438.0846200594328,1461.6242804276317,5787724,-20.683362458881675,1472.9070366753472,1445.0728352864583,Buy
1422.8182373046875,1450.4945202945664,1411.3931666312185,1447.835279098319,5466487,-25.017041793631506,1468.2122395833333,1444.3364839099702,Buy
1411.2947998046875,1436.0163186937275,1406.7641825159365,1429.1218644887508,3811567,-17.827064684063316,1457.356228298611,1444.1582670665923,Buy
1481.6181640625,1484.474341584966,1450.297597398603,1458.6694341238242,13072640,22.948729938675797,1454.5875108506943,1447.3193998790923,Buy
1509.491455078125,1511.756823802922,1486.5428442826578,1487.330709756259,7281071,22.16074532186599,1458.1441786024307,1452.455066499256,Buy
1486.9366455078125,1504.4683046125388,1483.7849433052634,1500.922609577238,8003662,-13.985964069425563,1462.5325520833333,1456.2775006975446,Buy
1502.596923828125,1519.6361218926327,1498.1647749913177,1513.8250582606502,12856963,-11.228134432525167,1465.3997531467014,1461.0379522414435,Buy
1485.6563720703125,1504.4683582651935,1478.5648615170796,1502.5969824151846,6167414,-16.940610344872084,1466.4612901475693,1464.8744594029017,Buy
1488.5126953125,1491.1719366717366,1480.8302554728903,1485.656397411633,8923112,2.856297900867048,1469.985134548611,1467.8573753720239,Buy
1499.4453125,1503.680405062861,1491.1719434573272,1494.028241371192,4795698,5.417071128807947,1476.485622829861,1471.9190092540923,Buy
1517.370849609375,1531.5537508334592,1515.302537400178,1526.6291407021617,9331945,-9.258291092786749,1486.9914686414932,1476.6372535342261,Buy
1516.976806640625,1527.9095369547413,1497.179898612735,1521.3104874589542,12988129,-4.333680818329185,1498.733913845486,1478.7008986700148,Buy
1476.8905029296875,1491.8612688721596,1459.6543683506482,1460.3437656419162,15655204,16.546737287771293,1498.2086181640625,1478.8462902250744,Buy
1474.920654296875,1490.186944875574,1470.4885054191882,1470.4885054191882,9832164,4.432148877686814,1494.3674180772568,1479.3153018043154,Buy
1472.0643310546875,1474.1326431158677,1460.3437357350242,1464.7758845360097,4937004,7.288446518677802,1492.7149386935764,1477.5565127418154,Buy
1462.4122314453125,1480.04223903444,1454.2373307659764,1466.5488557470633,9491867,-4.136624301750771,1488.249972873264,1475.4553513299852,Buy
1427.053466796875,1456.404069373631,1419.4694954878144,1452.7599061754568,8597058,-25.706439378581763,1481.7385389539932,1473.0540190197173,Buy
1420.060546875,1442.9106885263222,1414.8404123331482,1437.9860786678707,10513117,-17.925531792870743,1474.1327446831597,1471.7501743861608,Buy
1420.060546875,1430.303639196793,1416.416263441906,1421.2424051491353,7556305,-1.1818582741352657,1465.3122151692708,1469.0486711774554,Sell
1424.000244140625,1427.6444073679875,1405.877655696216,1424.197180444367,6250692,-0.19693630374194981,1454.9377034505208,1466.5676095145088,Sell
1424.7880859375,1426.4625254104503,1411.5901076030302,1417.3027030735375,6877533,7.4853828639625135,1444.6945122612847,1465.0433233351935,Sell
1453.744873046875,1456.5027027407555,1420.5530497148675,1424.7881421800753,4630590,28.956730866799717,1442.122775607639,1465.6530354817708,Sell
1436.5086669921875,1460.5407866669368,1432.0765182081868,1455.4191203786977,5570320,-18.9104533865102,1437.8547770182292,1466.3049607049852,Sell
1472.4583740234375,1475.4131399913774,1433.061494450904,1435.0313384295307,4657192,37.427035593906794,1437.8985595703125,1469.2175118582588,Sell
1486.5428466796875,1491.171932062491,1464.5790376333712,1479.352867871771,7028753,7.189978807916532,1440.5797390407986,1469.4520205543154,Sell
1492.058349609375,1498.755747016607,1476.2011295853695,1487.2322078030077,3738353,4.826141806367332,1447.8025037977432,1468.6218726748511,Sell
1470.6854248046875,1482.0120273618204,1461.0332617199265,1474.4281763502415,5859355,-3.742751545554029,1453.427490234375,1467.8480050223213,Sell
1467.435302734375,1491.5658915845438,1464.0865439092208,1476.3980688327763,5600789,-8.96276609840129,1458.6913519965278,1466.1736421130952,Sell
1452.1690673828125,1466.1549121391147,1445.373081319078,1461.5258266826634,6986098,-9.356759299850864,1461.8212212456597,1464.5790085565477,Sell
1449.312744140625,1452.267510183725,1438.478601982591,1451.6765810210527,8005748,-2.363836880427698,1464.5461832682292,1462.7123442150298,Buy
1419.37109375,1436.410292725158,1412.3781714796953,1432.9630656678505,16959378,-13.591971917850515,1460.7268744574653,1458.8992861793154,Buy
1438.87255859375,1444.8805586841174,1428.136884861602,1431.781048131079,6994246,7.091510462671067,1460.989529079861,1455.1612723214287,Buy
1450.19921875,1463.5941342911037,1447.8353818357486,1455.7147580634262,1698704,-5.5155393134261885,1458.5162896050347,1451.9813871837798,Buy
1505.4532470703125,1522.6893817276436,1483.292502510887,1487.2321904325627,20358624,18.221056637749825,1460.6174452039932,1453.341517857143,Buy
1502.4000244140625,1519.7346273554492,1495.111577657532,1516.2874003977408,8652257,-13.88737598367834,1461.7665201822917,1454.6500592912946,Buy
1504.5,1515.300048828125,1498.0999755859375,1510.0,7273211,-5.5,1465.5236952039932,1456.194614955357,Buy
1500.199951171875,1506.5,1490.5,1499.699951171875,8211019,0.5,1469.1642116970486,1457.9940301804315,Buy
1510.4000244140625,1520.199951171875,1496.9000244140625,1500.199951171875,4884976,10.2000732421875,1475.6343180338542,1461.962913876488,Buy
1493.800048828125,1508.199951171875,1489.0999755859375,1507.0,5608867,-13.199951171875,1480.5773518880208,1465.4743187313989,Buy
1482.300048828125,1497.0999755859375,1480.699951171875,1490.0,4819814,-7.699951171875,1487.5694580078125,1468.4381045386904,Buy
1485.5,1491.4000244140625,1474.199951171875,1482.300048828125,5470600,3.199951171875,1492.7502848307292,1471.366664341518,Buy
1467.9000244140625,1481.9000244140625,1462.9000244140625,1479.699951171875,8691330,-11.7999267578125,1494.717041015625,1473.4196137927827,Buy
1466.699951171875,1483.0,1461.9000244140625,1478.5999755859375,7944752,-11.9000244140625,1490.4111192491318,1474.0365222749256,Buy
1476.800048828125,1480.9000244140625,1449.0999755859375,1470.0,8765759,6.800048828125,1487.566677517361,1475.9551595052083,Buy
1513.5,1520.0,1490.0,1490.0999755859375,9787975,23.4000244140625,1488.566677517361,1477.9095226469494,Buy
1530.300048828125,1533.4000244140625,1511.0999755859375,1525.0,13692989,5.300048828125,1491.9111328125,1479.993198939732,Buy
1551.699951171875,1559.199951171875,1538.0999755859375,1540.0,14635417,11.699951171875,1496.5000135633682,1482.833275204613,Buy
1541.800048828125,1557.5,1530.300048828125,1557.0999755859375,19655689,-15.2999267578125,1501.8333468967014,1486.2196858723958,Buy
1502.800048828125,1530.0,1488.800048828125,1520.0,9739549,-17.199951171875,1504.1111246744792,1487.9037214006696,Buy
1507.5999755859375,1510.199951171875,1492.5,1496.0,7910354,11.5999755859375,1506.566677517361,1490.5432884579614,Buy
1486.4000244140625,1506.0,1483.199951171875,1506.0,7525119,-19.5999755859375,1508.6222330729167,1492.309349423363,Buy
1541.0999755859375,1543.0,1490.5,1490.5,10981126,50.5999755859375,1516.8889024522568,1498.1059628441221,Buy
1536.5,1555.0,1534.0,1555.0,7387584,-18.5,1523.5222303602432,1502.7548886253721,Buy
1545.0,1551.5,1526.300048828125,1531.0,9186302,14.0,1527.0222303602432,1507.2692115420386,Buy
1548.0,1585.0,1541.0,1563.5999755859375,19270381,-15.5999755859375,1528.9888916015625,1509.2952473958333,Buy
1530.5999755859375,1550.5999755859375,1525.9000244140625,1549.0,8107952,-18.4000244140625,1526.6444498697917,1510.6381022135417,Buy
1557.9000244140625,1560.300048828125,1532.0999755859375,1532.0999755859375,7575038,25.800048828125,1528.4333360460068,1513.1809605189733,Buy
1566.4000244140625,1574.300048828125,1552.199951171875,1564.0,7552252,2.4000244140625,1535.5,1516.3333449590773,Buy
1560.0999755859375,1568.4000244140625,1557.0,1565.0,4453221,-4.9000244140625,1541.3333333333333,1518.7000093005952,Buy
1564.0,1574.0,1556.0,1562.5,5341800,1.5,1549.9555528428818,1522.0428641183037,Buy
1561.0,1579.9000244140625,1556.0999755859375,1567.0,6335969,-6.0,1552.1666666666667,1525.7904808407739,Buy
1578.699951171875,1586.0,1554.0999755859375,1555.0999755859375,12895312,23.5999755859375,1556.8555501302083,1530.2285737537202,Buy
1597.5999755859375,1599.0,1568.0,1568.0,12609619,29.5999755859375,1562.6999918619792,1536.404761904762,Buy
1616.199951171875,1631.800048828125,1600.0,1610.0,10344725,6.199951171875,1570.2777642144097,1543.5238095238096,Buy
1610.800048828125,1630.0,1600.199951171875,1617.0999755859375,7550413,-6.2999267578125,1579.1888834635417,1549.904761904762,Buy
1599.0,1606.9000244140625,1582.4000244140625,1601.199951171875,6957599,-2.199951171875,1583.7555474175347,1553.9761904761904,Buy
1584.800048828125,1608.0,1582.800048828125,1608.0,5116140,-23.199951171875,1585.7999945746528,1556.5714285714287,Buy
1598.0,1607.4000244140625,1580.5,1598.0,5159319,0.0,1590.0111083984375,1558.7761928013392,Buy
1598.199951171875,1601.800048828125,1582.5999755859375,1601.4000244140625,4633912,-3.2000732421875,1593.8111029730903,1561.461902436756,Buy
1606.800048828125,1610.800048828125,1585.0,1585.0,4190558,21.800048828125,1598.8999972873264,1566.414283389137,Buy
1592.9000244140625,1603.0,1585.5999755859375,1600.0,5499258,-7.0999755859375,1600.477783203125,1570.4761904761904,Buy
1602.0,1606.9000244140625,1586.0,1587.199951171875,4817628,14.800048828125,1600.9666748046875,1575.9809512183779,Buy
1626.800048828125,1630.0,1606.699951171875,1610.5,6577293,16.300048828125,1602.1444634331597,1580.0619070870537,Buy
1638.699951171875,1654.9000244140625,1629.800048828125,1650.0,13149023,-11.300048828125,1605.2444525824653,1584.9285714285713,Buy
1689.5999755859375,1693.199951171875,1664.0,1664.0,23098923,25.5999755859375,1615.3111165364583,1591.8142845517114,Buy
1668.300048828125,1679.0,1656.4000244140625,1679.0,6593060,-10.699951171875,1624.588894314236,1597.5428583054315,Buy
1663.4000244140625,1667.5999755859375,1652.5,1661.0,4271167,2.4000244140625,1631.8555636935764,1603.8666701543898,Buy
1656.0999755859375,1668.800048828125,1651.699951171875,1663.4000244140625,2006491,-7.300048828125,1638.2888997395833,1608.5428583054315,Buy
1644.699951171875,1673.0999755859375,1637.0999755859375,1658.0,4062817,-13.300048828125,1642.5,1612.2714262462798,Buy
1621.5999755859375,1647.9000244140625,1616.800048828125,1647.0,9395937,-25.4000244140625,1645.6888834635417,1615.1999976748511,Buy
1615.4000244140625,1628.5999755859375,1609.199951171875,1621.0,6538656,-5.5999755859375,1647.1777750651042,1617.6476178850446,Buy
1629.800048828125,1639.5999755859375,1614.0999755859375,1615.4000244140625,3658165,14.4000244140625,1647.5111083984375,1620.9238106863838,Buy
1640.4000244140625,1643.5,1627.5,1635.9000244140625,2524526,4.5,1647.7000054253472,1623.8619094122023,Buy
1606.4000244140625,1637.0,1583.0999755859375,1637.0,5917885,-30.5999755859375,1638.45556640625,1624.2809593563989,Buy
1612.199951171875,1619.9000244140625,1599.0,1600.0999755859375,4466729,12.0999755859375,1632.2222222222222,1624.0904831659227,Buy
1639.0,1642.0,1615.0,1615.0,4508079,24.0,1629.5111083984375,1625.433337983631,Buy
1613.300048828125,1644.300048828125,1608.5999755859375,1638.9000244140625,3942131,-25.5999755859375,1624.7555609809028,1626.114292689732,Sell
1614.0999755859375,1631.300048828125,1607.0,1610.0,6816681,4.0999755859375,1621.3555636935764,1627.5095272972471,Sell
1595.9000244140625,1613.300048828125,1592.5999755859375,1610.0999755859375,6985362,-14.199951171875,1618.5000135633682,1627.4095284598213,Sell
1599.0,1618.0,1586.4000244140625,1618.0,8080618,-19.0,1616.6777886284722,1627.4476260230654,Sell
1599.800048828125,1617.0,1583.0999755859375,1588.0,7557157,11.800048828125,1613.344455295139,1627.114292689732,Sell
1599.800048828125,1599.800048828125,1599.800048828125,1599.800048828125,0,0.0,1608.8333468967014,1627.4428652808779,Sell
1689.800048828125,1694.0,1653.4000244140625,1663.699951171875,19335957,26.10009765625,1618.1000162760417,1631.6238199869792,Sell
1681.199951171875,1685.0,1666.5,1685.0,5104958,-3.800048828125,1625.7666829427083,1634.2142915271577,Sell
1658.9000244140625,1680.199951171875,1652.9000244140625,1673.0,6406503,-14.0999755859375,1627.9777967664932,1635.1761997767858,Sell
1654.4000244140625,1657.0,1631.199951171875,1651.0,6224582,3.4000244140625,1632.544460720486,1633.500011625744,Sell
1663.5,1671.199951171875,1653.800048828125,1666.0,6228892,-2.5,1638.0333523220486,1633.2714378720239,Buy
1670.800048828125,1675.699951171875,1662.199951171875,1667.199951171875,5869137,3.60009765625,1646.3555772569443,1633.6238199869792,Buy
1682.699951171875,1689.4000244140625,1661.0999755859375,1685.800048828125,10673087,-3.10009765625,1655.6555718315972,1634.8904854910713,Buy
1666.5,1688.800048828125,1650.0,1680.0,8588664,-13.5,1663.066677517361,1635.9285830543154,Buy
1659.5,1666.5,1642.0999755859375,1658.0,4749582,1.5,1669.7000054253472,1637.7333461216517,Buy
1641.0,1655.0,1618.0999755859375,1655.0,9207926,-14.0,1664.2777777777778,1638.952392578125,Buy
1629.4000244140625,1662.0,1618.0,1662.0,6784887,-32.5999755859375,1658.5222303602432,1638.9333437965029,Buy
1656.0,1728.0,1653.0,1727.199951171875,8805868,-71.199951171875,1658.2000054253472,1639.6761997767858,Buy
1535.800048828125,1584.9000244140625,1510.0999755859375,1574.0,28828622,-38.199951171875,1645.0222303602432,1636.3142961774554,Buy
1520.199951171875,1551.0,1515.699951171875,1534.0,10628127,-13.800048828125,1629.1000027126736,1631.9333437965029,Sell
1507.0999755859375,1525.0,1480.0,1522.0999755859375,13900866,-15.0,1610.911105685764,1625.6523902529761,Sell
1497.199951171875,1528.0,1493.0,1522.0999755859375,8294615,-24.9000244140625,1590.2999945746528,1620.123814174107,Sell
1497.800048828125,1515.9000244140625,1491.0,1500.0,8657000,-2.199951171875,1571.5555555555557,1614.5857224237352,Sell
1471.9000244140625,1505.9000244140625,1469.0,1501.199951171875,7934411,-29.2999267578125,1550.7111138237847,1608.6809605189733,Sell
1386.0,1435.699951171875,1380.5,1428.9000244140625,26048896,-42.9000244140625,1522.3777804904514,1598.5381033761162,Sell
1369.0999755859375,1377.300048828125,1281.5,1293.9000244140625,45785709,75.199951171875,1493.4555528428818,1587.5523856026787,Sell
1365.5999755859375,1376.0,1338.300048828125,1373.699951171875,14621891,-8.0999755859375,1461.1888834635417,1576.4000011625744,Sell
1391.199951171875,1431.0,1367.0,1370.0,25347684,21.199951171875,1445.1222059461807,1562.1809488932292,Sell
1373.699951171875,1401.0,1345.300048828125,1390.9000244140625,20241373,-17.2000732421875,1428.8444281684028,1547.5380917503721,Sell
1370.5,1402.0,1363.199951171875,1385.0,14574228,-14.5,1413.6666531032986,1533.8047572544642,Sell
1353.199951171875,1365.0,1338.199951171875,1359.199951171875,12633552,-6.0,1397.6666531032986,1519.4618966238838,Sell
1327.5,1352.0,1318.0,1352.0,12887826,-24.5,1378.7444254557292,1503.4618966238838,Sell
1275.5,1303.5999755859375,1264.0999755859375,1301.0,27839061,-25.5,1356.9222005208333,1484.6380847749256,Sell
1290.0999755859375,1323.5999755859375,1286.199951171875,1286.199951171875,16669618,3.9000244140625,1346.2666422526042,1465.942847842262,Sell
1289.0999755859375,1314.0,1286.300048828125,1305.5,11493914,-16.4000244140625,1337.3777533637153,1447.9714181082588,Sell
1300.0999755859375,1335.0,1294.199951171875,1326.300048828125,23141724,-26.2000732421875,1330.0999755859375,1430.8571312313989,Sell
1288.9000244140625,1298.800048828125,1273.0,1291.0,9700361,-2.0999755859375,1318.7333170572917,1414.0904657273065,Sell
1307.4000244140625,1317.0,1292.0,1292.0,15154950,15.4000244140625,1311.3666585286458,1398.7571323939733,Sell
1305.800048828125,1320.0,1290.0999755859375,1320.0,10362147,-14.199951171875,1304.1777750651042,1382.0809442429315,Sell
1308.4000244140625,1327.199951171875,1303.0,1303.0,8724291,5.4000244140625,1299.2000054253472,1371.2523716517858,Sell
1315.0,1318.0,1282.5,1290.0,10068514,25.0,1297.8111165364583,1361.480945405506,Sell
1295.5999755859375,1321.0,1284.0999755859375,1320.0,9600171,-24.4000244140625,1300.0444471571182,1351.4095168340773,Sell
1276.300048828125,1299.5,1271.300048828125,1288.0,7868891,-11.699951171875,1298.5111219618057,1340.8904738653273,Sell
1265.800048828125,1278.5999755859375,1258.0,1272.5,7599940,-6.699951171875,1295.9222412109375,1329.8428548177083,Sell
1248.300048828125,1269.5999755859375,1242.5999755859375,1251.0,7366098,-2.699951171875,1290.1666937934028,1319.1952369326636,Sell
1249.800048828125,1254.300048828125,1224.199951171875,1240.199951171875,12314450,9.60009765625,1285.8222520616318,1312.7095249720983,Sell
1232.9000244140625,1245.0,1215.0999755859375,1245.0,11223276,-12.0999755859375,1277.5444742838542,1306.2238130115327,Sell
1267.0999755859375,1290.800048828125,1234.9000244140625,1238.0,12365381,29.0999755859375,1273.2444661458333,1301.5333368210565,Sell
1220.800048828125,1255.0,1215.0999755859375,1244.199951171875,9156461,-23.39990234375,1263.5111355251736,1293.4190557570685,Sell
1255.9000244140625,1264.800048828125,1229.199951171875,1242.0,27299975,13.9000244140625,1256.9444715711807,1287.809535435268,Sell
1256.800048828125,1261.0999755859375,1227.4000244140625,1238.199951171875,12420293,18.60009765625,1252.6333685980903,1282.395252046131,Sell
1278.300048828125,1297.0,1251.0,1269.0,13613495,9.300048828125,1252.8555908203125,1278.828590029762,Sell
1279.0999755859375,1290.5999755859375,1257.0999755859375,1270.0,10824030,9.0999755859375,1254.3333604600693,1276.5238269624256,Sell
1269.699951171875,1294.800048828125,1263.199951171875,1285.199951171875,13092541,-15.5,1256.7111273871528,1276.2476341610864,Sell
1250.5999755859375,1265.5,1243.0,1250.0,14108486,0.5999755859375,1256.8000081380208,1274.3666817801338,Sell
1275.699951171875,1303.0,1269.5,1290.0,8137156,-14.300048828125,1261.5555555555557,1273.7285853794642,Sell
1300.800048828125,1305.4000244140625,1259.800048828125,1260.0,12873492,40.800048828125,1265.3000081380208,1273.7619222005208,Sell
1306.199951171875,1320.0,1299.0,1301.4000244140625,10208682,4.7999267578125,1274.7888861762153,1274.585728236607,Buy
1339.4000244140625,1345.0999755859375,1293.5,1302.0,15355792,37.4000244140625,1284.0666639539932,1276.1095377604167,Buy
1346.199951171875,1376.9000244140625,1331.0,1349.0,16030133,-2.800048828125,1293.9999864366318,1278.0333426339287,Buy
1331.5999755859375,1337.5,1314.0,1329.9000244140625,14894607,1.699951171875,1299.9222005208333,1279.1381022135417,Buy
1292.5,1318.9000244140625,1283.300048828125,1318.0,19233369,-25.5,1301.4110921223958,1278.066673642113,Buy
1276.800048828125,1289.0,1265.699951171875,1272.0,10366082,4.800048828125,1302.1999918619792,1277.1714390345983,Buy
1305.300048828125,1322.5,1300.5,1306.300048828125,12098912,-1.0,1308.2777777777778,1278.5523914155506,Buy
1319.199951171875,1331.0,1309.0,1322.0999755859375,18527029,-2.9000244140625,1313.111111111111,1281.0952439081102,Buy
1318.699951171875,1328.300048828125,1306.0999755859375,1313.0,12064048,5.699951171875,1315.0999891493057,1284.4476202101935,Buy
1312.5999755859375,1324.9000244140625,1308.0999755859375,1320.0,7172300,-7.4000244140625,1315.8111029730903,1287.4380929129463,Buy
1313.199951171875,1325.0,1299.300048828125,1310.0,10057440,3.199951171875,1312.8999837239583,1291.2618989490327,Buy
1268.5999755859375,1297.699951171875,1255.9000244140625,1295.0,20088378,-26.4000244140625,1304.2777642144097,1291.3333275204614,Buy
1240.5999755859375,1265.699951171875,1226.0,1254.0,14792854,-13.4000244140625,1294.1666531032986,1292.2761811755952,Buy
1154.5999755859375,1223.9000244140625,1152.199951171875,1200.0,42078914,-45.4000244140625,1278.8444281684028,1287.452369326637,Sell
1170.300048828125,1179.9000244140625,1154.5,1154.5999755859375,19579883,15.7000732421875,1267.0110948350693,1283.3333217075892,Sell
1152.0999755859375,1169.4000244140625,1149.800048828125,1162.699951171875,12720276,-10.5999755859375,1249.9888644748264,1277.3237944103423,Sell
1167.5,1178.199951171875,1156.800048828125,1158.5,8303109,9.0,1233.1333143446182,1272.009509858631,Sell
1181.800048828125,1189.800048828125,1159.5999755859375,1167.5,12205669,14.300048828125,1217.9222140842014,1267.8238002232142,Sell
1181.800048828125,1181.800048828125,1181.800048828125,1181.800048828125,0,0.0,1203.388888888889,1264.5476132347471,Sell
1168.4000244140625,1195.0,1165.199951171875,1195.0,7735811,-26.5999755859375,1187.3000081380208,1259.4380929129463,Sell
1178.0999755859375,1185.199951171875,1160.0999755859375,1169.5,8164108,8.5999755859375,1177.2444525824653,1253.5952322823662,Sell
1167.199951171875,1191.5,1164.0999755859375,1187.0,9856963,-19.800048828125,1169.088894314236,1246.9761846633185,Sell
1162.699951171875,1175.4000244140625,1159.199951171875,1173.0,12013987,-10.300048828125,1169.9888916015625,1238.5618954613096,Sell
1179.199951171875,1183.5,1158.800048828125,1161.0,7582770,18.199951171875,1170.9777696397568,1230.6095145089287,Sell
